0,271,PUT,422103854839895,422103854840917
0,271,GET,422103855548971,422103855549723
0,527,PUT,422103854841508,422103854841629
0,527,GET,422103855553682,422103855554304
0,1039,PUT,422103854842050,422103854842160
0,1039,GET,422103855555837,422103855556739
0,783,PUT,422103854841799,422103854841909
0,783,GET,422103855555847,422103855556629
0,1295,PUT,422103854842300,422103854842410
0,1295,GET,422103855557030,422103855557531
0,1807,PUT,422103854842801,422103854842912
0,1807,GET,422103855557782,422103855558493
0,1551,PUT,422103854842551,422103854842661
0,1551,GET,422103855557802,422103855558123
0,2063,PUT,422103854843202,422103854843313
0,2063,GET,422103855558082,422103855559005
0,2319,PUT,422103854843453,422103854843563
0,2319,GET,422103855559325,422103855559786
0,2831,PUT,422103854843954,422103854844064
0,2831,GET,422103855559806,422103855560618
0,2575,PUT,422103854843703,422103854843814
0,2575,GET,422103855560047,422103855560207
0,3087,PUT,422103854844215,422103854844325
0,3087,GET,422103855560889,422103855561591
0,3343,PUT,422103854844465,422103854844575
0,3343,GET,422103855578991,422103855579452
0,3599,PUT,422103854844716,422103854844826
0,3599,GET,422103855579272,422103855579893
0,3855,PUT,422103854844966,422103854845077
0,3855,GET,422103855579953,422103855580374
0,4623,PUT,422103854845868,422103854845979
0,4623,GET,422103855580234,422103855581066
0,4111,PUT,422103854845357,422103854845468
0,4111,GET,422103855580244,422103855580875
0,4367,PUT,422103854845618,422103854845728
0,4367,GET,422103855580274,422103855580855
0,4879,PUT,422103854846119,422103854846229
0,4879,GET,422103855580464,422103855581206
0,5391,PUT,422103854846620,422103854846730
0,5391,GET,422103855580585,422103855581366
0,5135,PUT,422103854846370,422103854846480
0,5135,GET,422103855580825,422103855581276
0,5647,PUT,422103854846871,422103854846981
0,5647,GET,422103855581036,422103855581397
0,6415,PUT,422103854847783,422103854847883
0,6415,GET,422103855581236,422103855582148
0,5903,PUT,422103854847121,422103854847232
0,5903,GET,422103855581276,422103855581868
0,6671,PUT,422103854848034,422103854848134
0,6671,GET,422103855581346,422103855582249
0,6927,PUT,422103854848284,422103854848384
0,6927,GET,422103855581377,422103855582279
0,6159,PUT,422103854847522,422103854847633
0,6159,GET,422103855581427,422103855581948
0,7183,PUT,422103854848535,422103854848645
0,7183,GET,422103855581617,422103855582479
0,7695,PUT,422103854849036,422103854849146
0,7695,GET,422103855581677,422103855582710
0,7439,PUT,422103854848785,422103854848896
0,7439,GET,422103855581707,422103855582609
0,8207,PUT,422103854849687,422103854849788
0,8207,GET,422103855582038,422103855582860
0,7951,PUT,422103854849286,422103854849397
0,7951,GET,422103855582078,422103855582790
0,8719,PUT,422103854850189,422103854850299
0,8719,GET,422103855582309,422103855583111
0,9231,PUT,422103854850690,422103854850800
0,9231,GET,422103855582459,422103855583632
0,9487,PUT,422103854850940,422103854851121
0,9487,GET,422103855582459,422103855583632
0,8463,PUT,422103854849938,422103854850048
0,8463,GET,422103855582499,422103855583030
0,8975,PUT,422103854850439,422103854850549
0,8975,GET,422103855582850,422103855583301
0,11279,PUT,422103854852915,422103854853025
0,11279,GET,422103855582920,422103855584544
0,9743,PUT,422103854851261,422103854851371
0,9743,GET,422103855582990,422103855583812
0,9999,PUT,422103854851512,422103854851622
0,9999,GET,422103855583091,422103855583852
0,10255,PUT,422103854851913,422103854852013
0,10255,GET,422103855583161,422103855583922
0,10511,PUT,422103854852163,422103854852273
0,10511,GET,422103855583311,422103855584123
0,10767,PUT,422103854852414,422103854852524
0,10767,GET,422103855583782,422103855584313
0,11023,PUT,422103854852664,422103854852775
0,11023,GET,422103855583802,422103855584353
0,11791,PUT,422103854853416,422103854853526
0,11791,GET,422103855583963,422103855584804
0,11535,PUT,422103854853165,422103854853276
0,11535,GET,422103855584063,422103855584624
0,12047,PUT,422103854853667,422103854853777
0,12047,GET,422103855584444,422103855585005
0,12303,PUT,422103854854068,422103854854178
0,12303,GET,422103855584484,422103855585035
0,12559,PUT,422103854854318,422103854854428
0,12559,GET,422103855584494,422103855585276
0,12815,PUT,422103854854569,422103854854679
0,12815,GET,422103855584544,422103855585446
0,13327,PUT,422103854855080,422103854855190
0,13327,GET,422103855584674,422103855585677
0,13583,PUT,422103854855330,422103854855441
0,13583,GET,422103855584754,422103855585917
0,13071,PUT,422103854854819,422103854854930
0,13071,GET,422103855584865,422103855585476
0,14351,PUT,422103854856223,422103854856333
0,14351,GET,422103855585115,422103855586168
0,13839,PUT,422103854855581,422103854855691
0,13839,GET,422103855585135,422103855585997
0,14095,PUT,422103854855832,422103854855942
0,14095,GET,422103855585175,422103855586097
0,14607,PUT,422103854856483,422103854856593
0,14607,GET,422103855585326,422103855586208
0,16143,PUT,422103854857987,422103854858097
0,16143,GET,422103855585596,422103855587070
0,16399,PUT,422103854858388,422103854858488
0,16399,GET,422103855585606,422103855587110
0,15119,PUT,422103854856984,422103854857095
0,15119,GET,422103855585626,422103855586498
0,14863,PUT,422103854856734,422103854856844
0,14863,GET,422103855585757,422103855586408
0,15375,PUT,422103854857235,422103854857345
0,15375,GET,422103855585957,422103855586779
0,15631,PUT,422103854857485,422103854857596
0,15631,GET,422103855586118,422103855586809
0,15887,PUT,422103854857736,422103854857846
0,15887,GET,422103855586128,422103855586889
0,259,PUT,422103854866156,422103854866937
0,259,GET,422103855586328,422103855587350
0,515,PUT,422103854867619,422103854867799
0,515,GET,422103855586338,422103855587380
0,1027,PUT,422103854868250,422103854868411
0,1027,GET,422103855586458,422103855587541
0,771,PUT,422103854867990,422103854868100
0,771,GET,422103855586949,422103855587461
0,1283,PUT,422103854868551,422103854868661
0,1283,GET,422103855587260,422103855587811
0,1539,PUT,422103854868802,422103854868912
0,1539,GET,422103855587401,422103855588002
0,1795,PUT,422103854869052,422103854869163
0,1795,GET,422103855587481,422103855588333
0,2051,PUT,422103854869443,422103854869553
0,2051,GET,422103855587511,422103855588363
0,2563,PUT,422103854869954,422103854870055
0,2563,GET,422103855587671,422103855588523
0,2819,PUT,422103854870205,422103854870305
0,2819,GET,422103855587691,422103855588724
0,2307,PUT,422103854869704,422103854869804
0,2307,GET,422103855587731,422103855588443
0,3075,PUT,422103854870456,422103854870566
0,3075,GET,422103855587791,422103855588804
0,3331,PUT,422103854870706,422103854870816
0,3331,GET,422103855587942,422103855588844
0,3587,PUT,422103854870957,422103854871067
0,3587,GET,422103855588162,422103855588914
0,5891,PUT,422103854873362,422103854873473
0,5891,GET,422103855588533,422103855590277
0,4355,PUT,422103854871859,422103854871969
0,4355,GET,422103855588543,422103855589455
0,3843,PUT,422103854871207,422103854871318
0,3843,GET,422103855588643,422103855589104
0,4099,PUT,422103854871608,422103854871708
0,4099,GET,422103855588744,422103855589145
0,4867,PUT,422103854872360,422103854872470
0,4867,GET,422103855588954,422103855589896
0,4611,PUT,422103854872109,422103854872220
0,4611,GET,422103855588964,422103855589696
0,5379,PUT,422103854872861,422103854872971
0,5379,GET,422103855589044,422103855590047
0,5123,PUT,422103854872611,422103854872721
0,5123,GET,422103855589054,422103855589966
0,5635,PUT,422103854873112,422103854873222
0,5635,GET,422103855589205,422103855590077
0,6147,PUT,422103854873753,422103854873864
0,6147,GET,422103855589606,422103855590578
0,8451,PUT,422103854876169,422103854876279
0,8451,GET,422103855589636,422103855591640
0,8707,PUT,422103854876419,422103854876530
0,8707,GET,422103855589666,422103855591670
0,7939,PUT,422103854875517,422103854875628
0,7939,GET,422103855589826,422103855591530
0,6403,PUT,422103854874014,422103854874124
0,6403,GET,422103855590037,422103855590658
0,8195,PUT,422103854875918,422103854876029
0,8195,GET,422103855590077,422103855591570
0,7171,PUT,422103854874766,422103854874876
0,7171,GET,422103855590227,422103855591310
0,8963,PUT,422103854876670,422103854876780
0,8963,GET,422103855590297,422103855591881
0,9219,PUT,422103854876931,422103854877031
0,9219,GET,422103855590367,422103855591911
0,6659,PUT,422103854874264,422103854874375
0,6659,GET,422103855590407,422103855590849
0,7683,PUT,422103854875267,422103854875377
0,7683,GET,422103855590558,422103855591480
0,7427,PUT,422103854875016,422103854875126
0,7427,GET,422103855590688,422103855591350
0,6915,PUT,422103854874515,422103854874625
0,6915,GET,422103855590708,422103855591039
0,9475,PUT,422103854877181,422103854877281
0,9475,GET,422103855590869,422103855592001
0,11779,PUT,422103854879587,422103854879697
0,11779,GET,422103855591169,422103855593124
0,9731,PUT,422103854877432,422103854877532
0,9731,GET,422103855591480,422103855592232
0,10499,PUT,422103854878334,422103854878444
0,10499,GET,422103855591480,422103855592422
0,9987,PUT,422103854877682,422103854877783
0,9987,GET,422103855591680,422103855592262
0,10243,PUT,422103854878073,422103854878184
0,10243,GET,422103855591791,422103855592342
0,11523,PUT,422103854879336,422103854879446
0,11523,GET,422103855591881,422103855593054
0,10755,PUT,422103854878584,422103854878695
0,10755,GET,422103855591921,422103855592823
0,12035,PUT,422103854879837,422103854879948
0,12035,GET,422103855592021,422103855593154
0,13827,PUT,422103854881752,422103854881862
0,13827,GET,422103855592031,422103855593705
0,11267,PUT,422103854879086,422103854879196
0,11267,GET,422103855592091,422103855593004
0,13571,PUT,422103854881501,422103854881611
0,13571,GET,422103855592111,422103855593665
0,13315,PUT,422103854881251,422103854881361
0,13315,GET,422103855592162,422103855593565
0,16387,PUT,422103854884558,422103854884669
0,16387,GET,422103855592272,422103855594978
0,12547,PUT,422103854880489,422103854880599
0,12547,GET,422103855592292,422103855593264
0,12803,PUT,422103854880739,422103854880850
0,12803,GET,422103855592372,422103855593445
0,12291,PUT,422103854880238,422103854880349
0,12291,GET,422103855592472,422103855593224
0,11011,PUT,422103854878835,422103854878945
0,11011,GET,422103855592552,422103855592863
0,14595,PUT,422103854882654,422103854882754
0,14595,GET,422103855592673,422103855594236
0,13059,PUT,422103854880990,422103854881100
0,13059,GET,422103855592893,422103855593485
0,14851,PUT,422103854882904,422103854883005
0,14851,GET,422103855592973,422103855594427
0,15875,PUT,422103854883907,422103854884017
0,15875,GET,422103855593304,422103855594637
0,14083,PUT,422103854882002,422103854882113
0,14083,GET,422103855593354,422103855593946
0,14339,PUT,422103854882393,422103854882504
0,14339,GET,422103855593414,422103855593976
0,15107,PUT,422103854883155,422103854883255
0,15107,GET,422103855593465,422103855594457
0,15363,PUT,422103854883406,422103854883516
0,15363,GET,422103855593625,422103855594537
0,16131,PUT,422103854884157,422103854884268
0,16131,GET,422103855593645,422103855594858
0,1291,PUT,422103854911070,422103854911180
0,1291,GET,422103855594076,422103855595760
0,15619,PUT,422103854883656,422103854883767
0,15619,GET,422103855594086,422103855594567
0,1547,PUT,422103854911320,422103854911421
0,1547,GET,422103855594106,422103855595800
0,1035,PUT,422103854910819,422103854910930
0,1035,GET,422103855594276,422103855595559
0,2059,PUT,422103854911962,422103854912072
0,2059,GET,422103855594467,422103855595950
0,2315,PUT,422103854912223,422103854912333
0,2315,GET,422103855594587,422103855596041
0,267,PUT,422103854909145,422103854909897
0,267,GET,422103855594607,422103855595088
0,5131,PUT,422103854915139,422103854915250
0,5131,GET,422103855594667,422103855597093
0,523,PUT,422103854910278,422103854910398
0,523,GET,422103855594667,422103855595339
0,779,PUT,422103854910559,422103854910669
0,779,GET,422103855594707,422103855595369
0,5387,PUT,422103854915390,422103854915500
0,5387,GET,422103855594707,422103855597123
0,1803,PUT,422103854911571,422103854911671
0,1803,GET,422103855594768,422103855595870
0,3595,PUT,422103854913475,422103854913586
0,3595,GET,422103855594848,422103855596662
0,3851,PUT,422103854913736,422103854913836
0,3851,GET,422103855594908,422103855596702
0,4619,PUT,422103854914638,422103854914748
0,4619,GET,422103855595008,422103855596933
0,2571,PUT,422103854912473,422103854912583
0,2571,GET,422103855595018,422103855596071
0,4107,PUT,422103854914127,422103854914237
0,4107,GET,422103855595169,422103855596772
0,2827,PUT,422103854912724,422103854912834
0,2827,GET,422103855595890,422103855596472
0,3083,PUT,422103854912974,422103854913085
0,3083,GET,422103855595930,422103855596512
0,4363,PUT,422103854914388,422103854914498
0,4363,GET,422103855595950,422103855596842
0,3339,PUT,422103854913225,422103854913335
0,3339,GET,422103855596171,422103855596582
0,4875,PUT,422103854914889,422103854914999
0,4875,GET,422103855596291,422103855597013
0,6411,PUT,422103854916543,422103854916653
0,6411,GET,422103855596542,422103855597765
0,5643,PUT,422103854915641,422103854915751
0,5643,GET,422103855596632,422103855597314
0,6667,PUT,422103854916793,422103854916903
0,6667,GET,422103855596702,422103855597805
0,8203,PUT,422103854918447,422103854918547
0,8203,GET,422103855596762,422103855598777
0,5899,PUT,422103854915891,422103854916001
0,5899,GET,422103855596983,422103855597494
0,6923,PUT,422103854917044,422103854917154
0,6923,GET,422103855597103,422103855598075
0,7179,PUT,422103854917294,422103854917405
0,7179,GET,422103855597123,422103855598105
0,8459,PUT,422103854918698,422103854918808
0,8459,GET,422103855597193,422103855598807
0,6155,PUT,422103854916292,422103854916392
0,6155,GET,422103855597243,422103855597684
0,9995,PUT,422103854920201,422103854920311
0,9995,GET,422103855597324,422103855599669
0,7435,PUT,422103854917545,422103854917655
0,7435,GET,422103855597474,422103855598176
0,7947,PUT,422103854918046,422103854918156
0,7947,GET,422103855597594,422103855598617
0,7691,PUT,422103854917796,422103854917906
0,7691,GET,422103855597735,422103855598556
0,8715,PUT,422103854918948,422103854919058
0,8715,GET,422103855597735,422103855598997
0,10251,PUT,422103854920602,422103854920712
0,10251,GET,422103855597835,422103855599709
0,11275,PUT,422103854921614,422103854921725
0,11275,GET,422103855597915,422103855600170
0,8971,PUT,422103854919199,422103854919309
0,8971,GET,422103855597955,422103855599208
0,11531,PUT,422103854921865,422103854921975
0,11531,GET,422103855598135,422103855600210
0,9739,PUT,422103854919951,422103854920061
0,9739,GET,422103855598306,422103855599519
0,9227,PUT,422103854919449,422103854919560
0,9227,GET,422103855598386,422103855599238
0,10507,PUT,422103854920863,422103854920973
0,10507,GET,422103855598717,422103855599789
0,9483,PUT,422103854919700,422103854919810
0,9483,GET,422103855598837,422103855599559
0,10763,PUT,422103854921113,422103854921223
0,10763,GET,422103855598947,422103855599879
0,11787,PUT,422103854922116,422103854922226
0,11787,GET,422103855599168,422103855600351
0,13067,PUT,422103854923519,422103854923629
0,13067,GET,422103855599238,422103855600882
0,11019,PUT,422103854921364,422103854921474
0,11019,GET,422103855599328,422103855599920
0,12555,PUT,422103854923018,422103854923128
0,12555,GET,422103855599358,422103855600731
0,12811,PUT,422103854923268,422103854923378
0,12811,GET,422103855599378,422103855600762
0,12299,PUT,422103854922767,422103854922877
0,12299,GET,422103855599388,422103855600651
0,14603,PUT,422103854925183,422103854925293
0,14603,GET,422103855599589,422103855601513
0,13323,PUT,422103854923779,422103854923880
0,13323,GET,422103855599849,422103855600962
0,13579,PUT,422103854924030,422103854924130
0,13579,GET,422103855599930,422103855601052
0,12043,PUT,422103854922366,422103854922476
0,12043,GET,422103855599970,422103855600611
0,14859,PUT,422103854925433,422103854925544
0,14859,GET,422103855600120,422103855601543
0,15627,PUT,422103854926185,422103854926295
0,15627,GET,422103855600371,422103855601914
0,15371,PUT,422103854925934,422103854926045
0,15371,GET,422103855600401,422103855601824
0,13835,PUT,422103854924281,422103854924381
0,13835,GET,422103855600481,422103855601152
0,14091,PUT,422103854924531,422103854924631
0,14091,GET,422103855600501,422103855601403
0,15115,PUT,422103854925684,422103854925794
0,15115,GET,422103855600802,422103855601744
0,16139,PUT,422103854926686,422103854926796
0,16139,GET,422103855601022,422103855602205
0,14347,PUT,422103854924922,422103854925032
0,14347,GET,422103855601022,422103855601443
0,16395,PUT,422103854927087,422103854927197
0,16395,GET,422103855601393,422103855602285
0,15883,PUT,422103854926436,422103854926546
0,15883,GET,422103855601583,422103855602024
0,769,PUT,422103854964304,422103854964414
0,769,GET,422103855601664,422103855602716
0,1025,PUT,422103854964554,422103854964664
0,1025,GET,422103855601694,422103855602746
0,2561,PUT,422103854966218,422103854966318
0,2561,GET,422103855601704,422103855603698
0,257,PUT,422103854962630,422103854963221
0,257,GET,422103855601804,422103855602596
0,2305,PUT,422103854965967,422103854966068
0,2305,GET,422103855602045,422103855603518
0,5121,PUT,422103854968874,422103854968984
0,5121,GET,422103855602145,422103855604991
0,513,PUT,422103854963923,422103854964053
0,513,GET,422103855602245,422103855602626
0,4865,PUT,422103854968624,422103854968734
0,4865,GET,422103855602335,422103855604751
0,1281,PUT,422103854964805,422103854964915
0,1281,GET,422103855602465,422103855603137
0,1793,PUT,422103854965306,422103854965416
0,1793,GET,422103855602566,422103855603237
0,1537,PUT,422103854965055,422103854965166
0,1537,GET,422103855602716,422103855603187
0,2049,PUT,422103854965707,422103854965807
0,2049,GET,422103855602776,422103855603438
0,2817,PUT,422103854966469,422103854966569
0,2817,GET,422103855602796,422103855603728
0,4097,PUT,422103854967872,422103854967972
0,4097,GET,422103855602876,422103855604550
0,3073,PUT,422103854966719,422103854966829
0,3073,GET,422103855602896,422103855603809
0,3585,PUT,422103854967220,422103854967331
0,3585,GET,422103855603388,422103855604230
0,3329,PUT,422103854966970,422103854967080
0,3329,GET,422103855603428,422103855603849
0,4609,PUT,422103854968373,422103854968483
0,4609,GET,422103855603588,422103855604661
0,6145,PUT,422103854970017,422103854970127
0,6145,GET,422103855603588,422103855605152
0,6401,PUT,422103854970277,422103854970388
0,6401,GET,422103855603779,422103855605332
0,5633,PUT,422103854969375,422103854969486
0,5633,GET,422103855603849,422103855604891
0,5377,PUT,422103854969125,422103854969235
0,5377,GET,422103855603879,422103855604861
0,4353,PUT,422103854968122,422103854968233
0,4353,GET,422103855603909,422103855604580
0,3841,PUT,422103854967471,422103854967581
0,3841,GET,422103855603939,422103855604460
0,5889,PUT,422103854969626,422103854969736
0,5889,GET,422103855604220,422103855604961
0,6657,PUT,422103854970528,422103854970638
0,6657,GET,422103855604360,422103855605653
0,6913,PUT,422103854970779,422103854970889
0,6913,GET,422103855604440,422103855605733
0,9729,PUT,422103854973685,422103854973796
0,9729,GET,422103855605072,422103855607016
0,7425,PUT,422103854971280,422103854971390
0,7425,GET,422103855605102,422103855605914
0,11009,PUT,422103854975159,422103854975269
0,11009,GET,422103855605172,422103855607437
0,7169,PUT,422103854971029,422103854971139
0,7169,GET,422103855605192,422103855605823
0,8961,PUT,422103854972934,422103854973044
0,8961,GET,422103855605302,422103855606816
0,7681,PUT,422103854971530,422103854971641
0,7681,GET,422103855605412,422103855606104
0,7937,PUT,422103854971781,422103854971891
0,7937,GET,422103855605472,422103855606274
0,8193,PUT,422103854972172,422103854972282
0,8193,GET,422103855605513,422103855606324
0,9473,PUT,422103854973435,422103854973545
0,9473,GET,422103855605673,422103855606926
0,9217,PUT,422103854973184,422103854973294
0,9217,GET,422103855605763,422103855606856
0,11265,PUT,422103854975419,422103854975530
0,11265,GET,422103855605853,422103855607467
0,10497,PUT,422103854974658,422103854974768
0,10497,GET,422103855605883,422103855607287
0,8449,PUT,422103854972432,422103854972543
0,8449,GET,422103855605903,422103855606715
0,10241,PUT,422103854974397,422103854974507
0,10241,GET,422103855606044,422103855607186
0,8705,PUT,422103854972683,422103854972793
0,8705,GET,422103855606064,422103855606745
0,9985,PUT,422103854973936,422103854974046
0,9985,GET,422103855606625,422103855607106
0,12801,PUT,422103854977083,422103854977183
0,12801,GET,422103855606715,422103855608449
0,10753,PUT,422103854974908,422103854975018
0,10753,GET,422103855606796,422103855607357
0,14337,PUT,422103854978737,422103854978837
0,14337,GET,422103855606876,422103855609091
0,11521,PUT,422103854975670,422103854975780
0,11521,GET,422103855606946,422103855607798
0,12545,PUT,422103854976823,422103854976933
0,12545,GET,422103855606996,422103855608349
0,11777,PUT,422103854975921,422103854976031
0,11777,GET,422103855607076,422103855607988
0,13569,PUT,422103854977835,422103854977945
0,13569,GET,422103855607156,422103855608760
0,12033,PUT,422103854976171,422103854976281
0,12033,GET,422103855607247,422103855608018
0,14081,PUT,422103854978336,422103854978446
0,14081,GET,422103855607307,422103855609051
0,12289,PUT,422103854976572,422103854976682
0,12289,GET,422103855607337,422103855608089
0,13825,PUT,422103854978086,422103854978196
0,13825,GET,422103855607427,422103855608800
0,15105,PUT,422103854979489,422103854979599
0,15105,GET,422103855607878,422103855609291
0,14849,PUT,422103854979238,422103854979348
0,14849,GET,422103855607958,422103855609251
0,13313,PUT,422103854977584,422103854977695
0,13313,GET,422103855608058,422103855608680
0,15873,PUT,422103854980241,422103854980351
0,15873,GET,422103855608119,422103855609993
0,16129,PUT,422103854980491,422103854980601
0,16129,GET,422103855608169,422103855610013
0,14593,PUT,422103854978988,422103854979098
0,14593,GET,422103855608239,422103855609171
0,13057,PUT,422103854977334,422103854977434
0,13057,GET,422103855608249,422103855608560
0,15361,PUT,422103854979739,422103854979850
0,15361,GET,422103855608479,422103855609462
0,15617,PUT,422103854979990,422103854980100
0,15617,GET,422103855608510,422103855609853
0,2822,PUT,422103854993341,422103854993451
0,2822,GET,422103855608890,422103855611537
0,16385,PUT,422103854980892,422103854980992
0,16385,GET,422103855609201,422103855610153
0,518,PUT,422103854990875,422103854990996
0,518,GET,422103855609372,422103855610374
0,262,PUT,422103854989231,422103854990113
0,262,GET,422103855609372,422103855610244
0,2054,PUT,422103854992579,422103854992689
0,2054,GET,422103855609442,422103855610945
0,774,PUT,422103854991166,422103854991286
0,774,GET,422103855609612,422103855610404
0,1030,PUT,422103854991427,422103854991537
0,1030,GET,422103855609662,422103855610675
0,1286,PUT,422103854991677,422103854991787
0,1286,GET,422103855609722,422103855610755
0,3846,PUT,422103854994343,422103854994454
0,3846,GET,422103855609963,422103855611917
0,1798,PUT,422103854992178,422103854992289
0,1798,GET,422103855610063,422103855610865
0,1542,PUT,422103854991928,422103854992038
0,1542,GET,422103855610083,422103855610835
0,2310,PUT,422103854992840,422103854992950
0,2310,GET,422103855610143,422103855611156
0,4614,PUT,422103854995245,422103854995356
0,4614,GET,422103855610304,422103855612469
0,5894,PUT,422103854996508,422103854996619
0,5894,GET,422103855610394,422103855612920
0,2566,PUT,422103854993090,422103854993201
0,2566,GET,422103855610454,422103855611346
0,4102,PUT,422103854994744,422103854994844
0,4102,GET,422103855610544,422103855612098
0,4358,PUT,422103854994995,422103854995105
0,4358,GET,422103855610554,422103855612208
0,7430,PUT,422103854998172,422103854998282
0,7430,GET,422103855610885,422103855613551
0,3334,PUT,422103854993842,422103854993952
0,3334,GET,422103855610975,422103855611817
0,3078,PUT,422103854993592,422103854993702
0,3078,GET,422103855611015,422103855611737
0,6150,PUT,422103854996909,422103854997020
0,6150,GET,422103855611226,422103855612950
0,3590,PUT,422103854994093,422103854994203
0,3590,GET,422103855611236,422103855611847
0,5126,PUT,422103854995747,422103854995857
0,5126,GET,422103855611517,422103855612659
0,5382,PUT,422103854995997,422103854996107
0,5382,GET,422103855611537,422103855612679
0,5638,PUT,422103854996258,422103854996368
0,5638,GET,422103855611647,422103855612850
0,4870,PUT,422103854995496,422103854995606
0,4870,GET,422103855611968,422103855612559
0,6406,PUT,422103854997160,422103854997270
0,6406,GET,422103855612358,422103855613030
0,6662,PUT,422103854997410,422103854997521
0,6662,GET,422103855612449,422103855613220
0,7686,PUT,422103854998423,422103854998533
0,7686,GET,422103855612599,422103855613822
0,7942,PUT,422103854998673,422103854998784
0,7942,GET,422103855612840,422103855613952
0,7174,PUT,422103854997922,422103854998032
0,7174,GET,422103855612850,422103855613481
0,6918,PUT,422103854997661,422103854997771
0,6918,GET,422103855612960,422103855613431
0,8966,PUT,422103854999846,422103854999956
0,8966,GET,422103855612990,422103855614554
0,8198,PUT,422103854999094,422103854999205
0,8198,GET,422103855613060,422103855614042
0,9222,PUT,422103855017026,422103855017507
0,9222,GET,422103855613140,422103855614584
0,10246,PUT,422103855018690,422103855018800
0,10246,GET,422103855613621,422103855615456
0,8454,PUT,422103854999345,422103854999455
0,8454,GET,422103855613682,422103855614393
0,8710,PUT,422103854999595,422103854999706
0,8710,GET,422103855613802,422103855614473
0,9734,PUT,422103855018038,422103855018149
0,9734,GET,422103855613902,422103855614954
0,10758,PUT,422103855019191,422103855019301
0,10758,GET,422103855614062,422103855615566
0,10502,PUT,422103855018940,422103855019051
0,10502,GET,422103855614072,422103855615536
0,9478,PUT,422103855017788,422103855017898
0,9478,GET,422103855614103,422103855614774
0,11014,PUT,422103855019442,422103855019552
0,11014,GET,422103855614273,422103855615756
0,9990,PUT,422103855018289,422103855018399
0,9990,GET,422103855614403,422103855615165
0,263,PUT,422103855019381,422103855019722
0,263,GET,422103855614604,422103855615736
0,12038,PUT,422103855020584,422103855020694
0,12038,GET,422103855614674,422103855616368
0,12550,PUT,422103855021146,422103855021276
0,12550,GET,422103855614704,422103855616899
0,11526,PUT,422103855020013,422103855020113
0,11526,GET,422103855614924,422103855615997
0,519,PUT,422103855020093,422103855020253
0,519,GET,422103855615085,422103855616067
0,11270,PUT,422103855019702,422103855019843
0,11270,GET,422103855615105,422103855615816
0,1543,PUT,422103855021526,422103855021657
0,1543,GET,422103855615215,422103855617400
0,13318,PUT,422103855022178,422103855022318
0,13318,GET,422103855615285,422103855617641
0,11782,PUT,422103855020263,422103855020394
0,11782,GET,422103855615365,422103855616097
0,775,PUT,422103855020584,422103855020745
0,775,GET,422103855615716,422103855616548
0,1287,PUT,422103855021216,422103855021356
0,1287,GET,422103855615957,422103855617099
0,12806,PUT,422103855021446,422103855021577
0,12806,GET,422103855615967,422103855617200
0,12294,PUT,422103855020835,422103855020965
0,12294,GET,422103855615977,422103855616739
0,1031,PUT,422103855020915,422103855021055
0,1031,GET,422103855616147,422103855616819
0,2055,PUT,422103855022208,422103855022348
0,2055,GET,422103855616217,422103855618042
0,2567,PUT,422103855022829,422103855022960
0,2567,GET,422103855616278,422103855618302
0,13062,PUT,422103855021867,422103855022008
0,13062,GET,422103855616548,422103855617480
0,14086,PUT,422103855023220,422103855023351
0,14086,GET,422103855616809,422103855618403
0,1799,PUT,422103855021907,422103855022038
0,1799,GET,422103855616889,422103855617561
0,15110,PUT,422103855024553,422103855024694
0,15110,GET,422103855617230,422103855619696
0,13574,PUT,422103855022489,422103855022619
0,13574,GET,422103855617300,422103855618082
0,2311,PUT,422103855022529,422103855022659
0,2311,GET,422103855617370,422103855618152
0,13830,PUT,422103855022789,422103855022920
0,13830,GET,422103855617440,422103855618212
0,2823,PUT,422103855023260,422103855023391
0,2823,GET,422103855617510,422103855618683
0,14598,PUT,422103855023832,422103855023962
0,14598,GET,422103855617581,422103855619054
0,3079,PUT,422103855023561,422103855023701
0,3079,GET,422103855617631,422103855618844
0,3335,PUT,422103855023872,422103855024002
0,3335,GET,422103855617691,422103855619124
0,15366,PUT,422103855024864,422103855025004
0,15366,GET,422103855617791,422103855619796
0,3847,PUT,422103855024594,422103855024724
0,3847,GET,422103855618072,422103855619766
0,15878,PUT,422103855025476,422103855025606
0,15878,GET,422103855618202,422103855620197
0,14342,PUT,422103855023521,422103855023661
0,14342,GET,422103855618302,422103855618773
0,4615,PUT,422103855025516,422103855025646
0,4615,GET,422103855618362,422103855620227
0,16134,PUT,422103855025907,422103855026037
0,16134,GET,422103855618613,422103855620307
0,4103,PUT,422103855024904,422103855025035
0,4103,GET,422103855618723,422103855619886
0,14854,PUT,422103855024132,422103855024273
0,14854,GET,422103855618823,422103855619505
0,3591,PUT,422103855024173,422103855024303
0,3591,GET,422103855618924,422103855619605
0,7175,PUT,422103855028473,422103855028573
0,7175,GET,422103855619014,422103855622111
0,15622,PUT,422103855025165,422103855025305
0,15622,GET,422103855619275,422103855620096
0,4359,PUT,422103855025215,422103855025345
0,4359,GET,422103855619395,422103855620127
0,6151,PUT,422103855027460,422103855027570
0,6151,GET,422103855619635,422103855621500
0,16390,PUT,422103855026217,422103855026348
0,16390,GET,422103855619836,422103855620778
0,5383,PUT,422103855026558,422103855026658
0,5383,GET,422103855619946,422103855621039
0,4871,PUT,422103855025937,422103855026077
0,4871,GET,422103855619966,422103855620517
0,5127,PUT,422103855026247,422103855026388
0,5127,GET,422103855619976,422103855620958
0,6407,PUT,422103855027711,422103855027821
0,6407,GET,422103855620036,422103855621630
0,9223,PUT,422103855030638,422103855030748
0,9223,GET,422103855620277,422103855623013
0,6663,PUT,422103855027961,422103855028072
0,6663,GET,422103855620377,422103855621891
0,8199,PUT,422103855029625,422103855029735
0,8199,GET,422103855620417,422103855622492
0,5639,PUT,422103855026809,422103855026909
0,5639,GET,422103855620437,422103855621179
0,8967,PUT,422103855030387,422103855030487
0,8967,GET,422103855620698,422103855622963
0,5895,PUT,422103855027059,422103855027159
0,5895,GET,422103855620718,422103855621309
0,9991,PUT,422103855031389,422103855031500
0,9991,GET,422103855620798,422103855623264
0,6919,PUT,422103855028212,422103855028322
0,6919,GET,422103855620878,422103855621931
0,7943,PUT,422103855029224,422103855029325
0,7943,GET,422103855621109,422103855622392
0,7431,PUT,422103855028723,422103855028823
0,7431,GET,422103855621169,422103855622181
0,10759,PUT,422103855032301,422103855032462
0,10759,GET,422103855621389,422103855623484
0,11527,PUT,422103855033374,422103855033484
0,11527,GET,422103855621650,422103855623895
0,7687,PUT,422103855028974,422103855029074
0,7687,GET,422103855621790,422103855622221
0,11015,PUT,422103855032863,422103855032973
0,11015,GET,422103855621931,422103855623514
0,8455,PUT,422103855029886,422103855029986
0,8455,GET,422103855622031,422103855622823
0,10247,PUT,422103855031800,422103855031911
0,10247,GET,422103855622041,422103855623374
0,8711,PUT,422103855030136,422103855030237
0,8711,GET,422103855622081,422103855622863
0,9479,PUT,422103855030888,422103855030998
0,9479,GET,422103855622121,422103855623113
0,11783,PUT,422103855033625,422103855033735
0,11783,GET,422103855622221,422103855623925
0,10503,PUT,422103855032051,422103855032161
0,10503,GET,422103855622261,422103855623404
0,9735,PUT,422103855031139,422103855031249
0,9735,GET,422103855622352,422103855623204
0,11271,PUT,422103855033123,422103855033234
0,11271,GET,422103855622542,422103855623695
0,12039,PUT,422103855033875,422103855033985
0,12039,GET,422103855622953,422103855623985
0,12295,PUT,422103855034276,422103855034386
0,12295,GET,422103855622993,422103855624026
0,14343,PUT,422103855036481,422103855036591
0,14343,GET,422103855623113,422103855625299
0,14599,PUT,422103855036742,422103855036842
0,14599,GET,422103855623144,422103855625339
0,15367,PUT,422103855037493,422103855037604
0,15367,GET,422103855623154,422103855625629
0,13319,PUT,422103855035338,422103855035439
0,13319,GET,422103855623334,422103855624878
0,15623,PUT,422103855037744,422103855037854
0,15623,GET,422103855623394,422103855625659
0,14855,PUT,422103855036992,422103855037093
0,14855,GET,422103855623534,422103855625519
0,15111,PUT,422103855037243,422103855037343
0,15111,GET,422103855623544,422103855625559
0,12551,PUT,422103855034537,422103855034647
0,12551,GET,422103855623635,422103855624386
0,12807,PUT,422103855034787,422103855034897
0,12807,GET,422103855623665,422103855624416
0,13575,PUT,422103855035589,422103855035689
0,13575,GET,422103855623805,422103855624908
0,13063,PUT,422103855035078,422103855035188
0,13063,GET,422103855623825,422103855624607
0,13831,PUT,422103855035840,422103855035940
0,13831,GET,422103855624026,422103855625088
0,14087,PUT,422103855036090,422103855036190
0,14087,GET,422103855624076,422103855625108
0,15879,PUT,422103855037995,422103855038105
0,15879,GET,422103855624126,422103855625920
0,16135,PUT,422103855038245,422103855038355
0,16135,GET,422103855624156,422103855625950
0,4613,PUT,422103855087139,422103855087249
0,4613,GET,422103855624527,422103855628255
0,16391,PUT,422103855038656,422103855038766
0,16391,GET,422103855624717,422103855626030
0,773,PUT,422103855083069,422103855083180
0,773,GET,422103855625218,422103855626642
0,2053,PUT,422103855084473,422103855084573
0,2053,GET,422103855625449,422103855627273
0,2309,PUT,422103855084723,422103855084833
0,2309,GET,422103855625509,422103855627323
0,3077,PUT,422103855085475,422103855085585
0,3077,GET,422103855625509,422103855627734
0,261,PUT,422103855081255,422103855082097
0,261,GET,422103855625649,422103855626341
0,1285,PUT,422103855083570,422103855083681
0,1285,GET,422103855625699,422103855626822
0,517,PUT,422103855082779,422103855082879
0,517,GET,422103855625719,422103855626391
0,1541,PUT,422103855083821,422103855083931
0,1541,GET,422103855625800,422103855626902
0,1029,PUT,422103855083320,422103855083430
0,1029,GET,422103855626080,422103855626742
0,5125,PUT,422103855087650,422103855087760
0,5125,GET,422103855626181,422103855628436
0,1797,PUT,422103855084072,422103855084182
0,1797,GET,422103855626241,422103855627073
0,5381,PUT,422103855087901,422103855088011
0,5381,GET,422103855626331,422103855628466
0,8197,PUT,422103855090968,422103855091068
0,8197,GET,422103855626471,422103855629829
0,8453,PUT,422103855091218,422103855091329
0,8453,GET,422103855626531,422103855629889
0,2821,PUT,422103855085224,422103855085335
0,2821,GET,422103855626541,422103855627644
0,5893,PUT,422103855088402,422103855088512
0,5893,GET,422103855626632,422103855628747
0,2565,PUT,422103855084974,422103855085084
0,2565,GET,422103855626772,422103855627383
0,4869,PUT,422103855087389,422103855087500
0,4869,GET,422103855626872,422103855628346
0,4357,PUT,422103855086888,422103855086998
0,4357,GET,422103855626922,422103855628165
0,3333,PUT,422103855085725,422103855085836
0,3333,GET,422103855627033,422103855627824
0,3589,PUT,422103855085976,422103855086086
0,3589,GET,422103855627203,422103855627864
0,3845,PUT,422103855086227,422103855086337
0,3845,GET,422103855627423,422103855628055
0,4101,PUT,422103855086638,422103855086748
0,4101,GET,422103855627514,422103855628085
0,6405,PUT,422103855089053,422103855089153
0,6405,GET,422103855627774,422103855629137
0,5637,PUT,422103855088151,422103855088261
0,5637,GET,422103855627864,422103855628546
0,7429,PUT,422103855090056,422103855090166
0,7429,GET,422103855627885,422103855629528
0,7685,PUT,422103855090306,422103855090416
0,7685,GET,422103855627935,422103855629588
0,6661,PUT,422103855089304,422103855089404
0,6661,GET,422103855627965,422103855629348
0,6917,PUT,422103855089554,422103855089655
0,6917,GET,422103855627995,422103855629388
0,6149,PUT,422103855088793,422103855088903
0,6149,GET,422103855628205,422103855628937
0,7173,PUT,422103855089805,422103855089915
0,7173,GET,422103855628476,422103855629458
0,10757,PUT,422103855093634,422103855093744
0,10757,GET,422103855628616,422103855630771
0,9221,PUT,422103855091980,422103855092090
0,9221,GET,422103855628676,422103855630330
0,7941,PUT,422103855090557,422103855090667
0,7941,GET,422103855628696,422103855629629
0,9477,PUT,422103855092231,422103855092341
0,9477,GET,422103855628787,422103855630360
0,11013,PUT,422103855093884,422103855093995
0,11013,GET,422103855629057,422103855630801
0,11269,PUT,422103855094145,422103855094245
0,11269,GET,422103855629087,422103855630881
0,8709,PUT,422103855091469,422103855091579
0,8709,GET,422103855629358,422103855630100
0,8965,PUT,422103855091729,422103855091840
0,8965,GET,422103855629378,422103855630140
0,10245,PUT,422103855093133,422103855093243
0,10245,GET,422103855629478,422103855630661
0,9733,PUT,422103855092481,422103855092591
0,9733,GET,422103855629749,422103855630551
0,10501,PUT,422103855093383,422103855093494
0,10501,GET,422103855629999,422103855630691
0,9989,PUT,422103855092732,422103855092842
0,9989,GET,422103855630070,422103855630581
0,12293,PUT,422103855095288,422103855095398
0,12293,GET,422103855630250,422103855631643
0,11525,PUT,422103855094396,422103855094496
0,11525,GET,422103855630290,422103855631202
0,11781,PUT,422103855094646,422103855094746
0,11781,GET,422103855630461,422103855631533
0,13573,PUT,422103855096551,422103855096661
0,13573,GET,422103855630611,422103855631934
0,13317,PUT,422103855096300,422103855096410
0,13317,GET,422103855630671,422103855631914
0,12805,PUT,422103855095789,422103855095899
0,12805,GET,422103855630681,422103855631804
0,13061,PUT,422103855096039,422103855096150
0,13061,GET,422103855630711,422103855631834
0,12549,PUT,422103855095538,422103855095649
0,12549,GET,422103855630821,422103855631723
0,13829,PUT,422103855096801,422103855096911
0,13829,GET,422103855630922,422103855632014
0,15365,PUT,422103855098485,422103855098595
0,15365,GET,422103855630932,422103855632906
0,14085,PUT,422103855097052,422103855097162
0,14085,GET,422103855630972,422103855632064
0,12037,PUT,422103855094897,422103855094997
0,12037,GET,422103855631022,422103855631563
0,260,PUT,422103855098746,422103855099087
0,260,GET,422103855631493,422103855633327
0,772,PUT,422103855100199,422103855100319
0,772,GET,422103855631693,422103855634029
0,14341,PUT,422103855097473,422103855097583
0,14341,GET,422103855631713,422103855632235
0,14597,PUT,422103855097723,422103855097834
0,14597,GET,422103855631764,422103855632485
0,15877,PUT,422103855098986,422103855099117
0,15877,GET,422103855631774,422103855633377
0,1028,PUT,422103855100470,422103855100580
0,1028,GET,422103855631844,422103855634059
0,14853,PUT,422103855097974,422103855098084
0,14853,GET,422103855632094,422103855632746
0,16389,PUT,422103855099718,422103855099828
0,16389,GET,422103855632144,422103855633738
0,516,PUT,422103855099858,422103855099999
0,516,GET,422103855632225,422103855633768
0,15109,PUT,422103855098225,422103855098335
0,15109,GET,422103855632345,422103855632826
0,15621,PUT,422103855098736,422103855098846
0,15621,GET,422103855632385,422103855633157
0,2052,PUT,422103855101632,422103855101733
0,2052,GET,422103855632425,422103855634329
0,16133,PUT,422103855099397,422103855099508
0,16133,GET,422103855632636,422103855633548
0,2308,PUT,422103855101883,422103855101993
0,2308,GET,422103855632946,422103855634380
0,3588,PUT,422103855103136,422103855103246
0,3588,GET,422103855633047,422103855635101
0,2564,PUT,422103855102134,422103855102244
0,2564,GET,422103855633287,422103855634530
0,1796,PUT,422103855101221,422103855101332
0,1796,GET,422103855633437,422103855634239
0,1284,PUT,422103855100720,422103855100831
0,1284,GET,422103855633457,422103855634139
0,1540,PUT,422103855100971,422103855101081
0,1540,GET,422103855633508,422103855634169
0,2820,PUT,422103855102384,422103855102494
0,2820,GET,422103855633768,422103855634620
0,3844,PUT,422103855103387,422103855103497
0,3844,GET,422103855633969,422103855635131
0,3076,PUT,422103855102635,422103855102745
0,3076,GET,422103855634159,422103855634991
0,4612,PUT,422103855104299,422103855104409
0,4612,GET,422103855634169,422103855635542
0,4356,PUT,422103855104048,422103855104158
0,4356,GET,422103855634390,422103855635282
0,3332,PUT,422103855102885,422103855102996
0,3332,GET,422103855634390,422103855635031
0,4100,PUT,422103855103797,422103855103908
0,4100,GET,422103855634480,422103855635212
0,4868,PUT,422103855104549,422103855104659
0,4868,GET,422103855635001,422103855635622
0,5124,PUT,422103855104820,422103855104920
0,5124,GET,422103855635121,422103855635953
0,6660,PUT,422103855106474,422103855106584
0,6660,GET,422103855635141,422103855636454
0,5892,PUT,422103855105572,422103855105682
0,5892,GET,422103855635252,422103855636184
0,5636,PUT,422103855105321,422103855105421
0,5636,GET,422103855635282,422103855636114
0,5380,PUT,422103855105070,422103855105171
0,5380,GET,422103855635352,422103855636033
0,6404,PUT,422103855106223,422103855106333
0,6404,GET,422103855635572,422103855636535
0,6148,PUT,422103855105973,422103855106073
0,6148,GET,422103855635693,422103855636264
0,6916,PUT,422103855106724,422103855106835
0,6916,GET,422103855636094,422103855636615
0,7172,PUT,422103855106985,422103855107095
0,7172,GET,422103855636204,422103855636705
0,12292,PUT,422103855112488,422103855112598
0,12292,GET,422103855636314,422103855639171
0,7940,PUT,422103855107737,422103855107847
0,7940,GET,422103855636334,422103855637296
0,7428,PUT,422103855107235,422103855107346
0,7428,GET,422103855636394,422103855636895
0,9220,PUT,422103855109160,422103855109270
0,9220,GET,422103855636515,422103855637868
0,8452,PUT,422103855108398,422103855108508
0,8452,GET,422103855636545,422103855637497
0,7684,PUT,422103855107486,422103855107596
0,7684,GET,422103855636605,422103855636986
0,8964,PUT,422103855108899,422103855109010
0,8964,GET,422103855636685,422103855637777
0,8708,PUT,422103855108649,422103855108759
0,8708,GET,422103855636755,422103855637587
0,8196,PUT,422103855108148,422103855108258
0,8196,GET,422103855636855,422103855637407
0,10756,PUT,422103855110834,422103855110944
0,10756,GET,422103855636865,422103855638539
0,11012,PUT,422103855111084,422103855111195
0,11012,GET,422103855636885,422103855638569
0,12548,PUT,422103855112748,422103855112859
0,12548,GET,422103855636976,422103855639211
0,10244,PUT,422103855110333,422103855110443
0,10244,GET,422103855637076,422103855638389
0,12036,PUT,422103855112097,422103855112207
0,12036,GET,422103855637116,422103855639060
0,9988,PUT,422103855109912,422103855110022
0,9988,GET,422103855637136,422103855638309
0,9732,PUT,422103855109661,422103855109771
0,9732,GET,422103855637216,422103855638148
0,12804,PUT,422103855112999,422103855113109
0,12804,GET,422103855637367,422103855639341
0,9476,PUT,422103855109411,422103855109521
0,9476,GET,422103855637447,422103855638068
0,10500,PUT,422103855110583,422103855110693
0,10500,GET,422103855637507,422103855638459
0,14852,PUT,422103855115154,422103855115264
0,14852,GET,422103855637537,422103855640253
0,11524,PUT,422103855111596,422103855111706
0,11524,GET,422103855637647,422103855638820
0,11780,PUT,422103855111846,422103855111956
0,11780,GET,422103855637928,422103855638900
0,11268,PUT,422103855111345,422103855111455
0,11268,GET,422103855638018,422103855638750
0,13060,PUT,422103855113249,422103855113360
0,13060,GET,422103855638299,422103855639592
